{"version":"1.146.0","results":[{"check_id":"csharp.lang.security.stacktrace-disclosure.stacktrace-disclosure","path":"Startup.cs","start":{"line":64,"col":3,"offset":1953},"end":{"line":64,"col":35,"offset":1985},"extra":{"message":"Stacktrace information is displayed in a non-Development environment. Accidentally disclosing sensitive stack trace information in a production environment aids an attacker in reconnaissance and information gathering.","metadata":{"category":"security","technology":["csharp"],"owasp":["A06:2017 - Security Misconfiguration","A04:2021 - Insecure Design"],"cwe":["CWE-209: Generation of Error Message Containing Sensitive Information"],"references":["https://cwe.mitre.org/data/definitions/209.html","https://owasp.org/Top10/A04_2021-Insecure_Design/"],"subcategory":["audit"],"likelihood":"LOW","impact":"LOW","confidence":"HIGH","license":"Semgrep Rules License v1.0. For more details, visit semgrep.dev/legal/rules-license","vulnerability_class":["Mishandled Sensitive Information"],"source":"https://semgrep.dev/r/csharp.lang.security.stacktrace-disclosure.stacktrace-disclosure","shortlink":"https://sg.run/XvkA"},"severity":"WARNING","fingerprint":"requires login","lines":"requires login","validation_state":"NO_VALIDATOR","engine_kind":"OSS"}}],"errors":[{"code":3,"level":"warn","type":"Syntax error","message":"Syntax error at line semgrep.json:1:\n missing element","path":"semgrep.json"},{"code":3,"level":"warn","type":["PartialParsing",[{"path":".github/workflows/appsec.yml","start":{"line":41,"col":15,"offset":772},"end":{"line":41,"col":32,"offset":789}}]],"message":"Syntax error at line .github/workflows/appsec.yml:41:\n When parsing a snippet as Bash for metavariable-pattern in rule 'yaml.github-actions.security.curl-eval.curl-eval', `{ github.ref_name` was unexpected","path":".github/workflows/appsec.yml","spans":[{"file":".github/workflows/appsec.yml","start":{"line":41,"col":15,"offset":772},"end":{"line":41,"col":32,"offset":789}}]}],"paths":{"scanned":[".github/workflows/appsec.yml",".gitignore","ClientApp/.editorconfig","ClientApp/.gitignore","ClientApp/README.md","ClientApp/angular.json","ClientApp/browserslist","ClientApp/e2e/protractor.conf.js","ClientApp/e2e/src/app.e2e-spec.ts","ClientApp/e2e/src/app.po.ts","ClientApp/e2e/tsconfig.e2e.json","ClientApp/package (backup).json","ClientApp/package.json","ClientApp/src/app/app.component.html","ClientApp/src/app/app.component.ts","ClientApp/src/app/app.module.ts","ClientApp/src/app/app.server.module.ts","ClientApp/src/app/home/home.component.html","ClientApp/src/app/home/home.component.ts","ClientApp/src/app/nav-menu/nav-menu.component.css","ClientApp/src/app/nav-menu/nav-menu.component.html","ClientApp/src/app/nav-menu/nav-menu.component.ts","ClientApp/src/app/payment-request/payment-request.component.html","ClientApp/src/app/payment-request/payment-request.component.ts","ClientApp/src/app/payment-result/payment-result.component.html","ClientApp/src/app/payment-result/payment-result.component.ts","ClientApp/src/assets/.gitkeep","ClientApp/src/environments/environment.prod.ts","ClientApp/src/environments/environment.ts","ClientApp/src/index.html","ClientApp/src/karma.conf.js","ClientApp/src/main.ts","ClientApp/src/polyfills.ts","ClientApp/src/styles.css","ClientApp/src/test.ts","ClientApp/src/tsconfig.app.json","ClientApp/src/tsconfig.server.json","ClientApp/src/tsconfig.spec.json","ClientApp/src/tslint.json","ClientApp/tsconfig.json","ClientApp/tslint.json","Controllers/OrderController.cs","Controllers/PaymentController.cs","Pages/Error.cshtml","Pages/Error.cshtml.cs","Pages/_ViewImports.cshtml","Parbad.Sample.Angular.csproj","Parbad.Sample.Angular.sln","Program.cs","Properties/launchSettings.json","README.md","Repositories/OrderRepository.cs","Shared/Gateways.cs","Shared/Parbad.Sample.Shared.csproj","Shared/PayViewModel.cs","Shared/RefundViewModel.cs","Startup.cs","appsec-reports-1404-10-16 (2) .zip","appsec-reports-1404-10-16 (3) .zip","appsec-reports-1404-10-16 (4) .zip","appsec-reports-1404-10-16.zip","appsettings.Development.json","appsettings.json","package-lock.json","semgrep.json","wwwroot/favicon.ico"]},"time":{"rules":[],"rules_parse_time":1.2346467971801758,"profiling_times":{"config_time":1.6635534763336182,"core_time":2.0100932121276855,"ignores_time":0.0012700557708740234,"total_time":3.6791672706604004},"parsing_time":{"total_time":0.0,"per_file_time":{"mean":0.0,"std_dev":0.0},"very_slow_stats":{"time_ratio":0.0,"count_ratio":0.0},"very_slow_files":[]},"scanning_time":{"total_time":0.7308292388916016,"per_file_time":{"mean":0.0040828449100089445,"std_dev":6.8694418836256e-05},"very_slow_stats":{"time_ratio":0.0,"count_ratio":0.0},"very_slow_files":[]},"matching_time":{"total_time":0.0,"per_file_and_rule_time":{"mean":0.0,"std_dev":0.0},"very_slow_stats":{"time_ratio":0.0,"count_ratio":0.0},"very_slow_rules_on_files":[]},"tainting_time":{"total_time":0.0,"per_def_and_rule_time":{"mean":0.0,"std_dev":0.0},"very_slow_stats":{"time_ratio":0.0,"count_ratio":0.0},"very_slow_rules_on_defs":[]},"fixpoint_timeouts":[],"prefiltering":{"project_level_time":0.0,"file_level_time":0.0,"rules_with_project_prefilters_ratio":0.0,"rules_with_file_prefilters_ratio":0.9803765156349713,"rules_selected_ratio":0.0652520740268028,"rules_matched_ratio":0.0652520740268028},"targets":[],"total_bytes":0,"max_memory_bytes":1200840896},"engine_requested":"OSS","skipped_rules":[],"profiling_results":[]}
