{"SourceMetadata":{"Data":{"Filesystem":{"file":".git/config","line":12}}},"SourceID":1,"SourceType":15,"SourceName":"trufflehog - filesystem","DetectorType":8,"DetectorName":"Github","DetectorDescription":"GitHub is a platform for version control and collaboration. Personal access tokens (PATs) can be used to access and modify repositories and other resources.","DecoderName":"BASE64","Verified":false,"VerificationFromCache":false,"Raw":"ghs_1MHeNTQBGJpEbu1Gs5ssy8WtDnvnVj27AB5l","RawV2":"","Redacted":"","ExtraData":{"rotation_guide":"https://howtorotate.com/docs/tutorials/github/","version":"2"},"StructuredData":null}
{"SourceMetadata":{"Data":{"Filesystem":{"file":"appsec-reports-1404-10-16.zip","line":1}}},"SourceID":1,"SourceType":15,"SourceName":"trufflehog - filesystem","DetectorType":8,"DetectorName":"Github","DetectorDescription":"GitHub is a web-based platform used for version control and collaborative software development. GitHub tokens can be used to access and modify repositories and other resources.","DecoderName":"PLAIN","Verified":false,"VerificationFromCache":true,"Raw":"a0cafcd55cc168820c3458caf37d27b29922c81f","RawV2":"","Redacted":"","ExtraData":{"rotation_guide":"https://howtorotate.com/docs/tutorials/github/","version":"1"},"StructuredData":null}
{"SourceMetadata":{"Data":{"Filesystem":{"file":"appsec-reports-1404-10-16.zip","line":1}}},"SourceID":1,"SourceType":15,"SourceName":"trufflehog - filesystem","DetectorType":8,"DetectorName":"Github","DetectorDescription":"GitHub is a web-based platform used for version control and collaborative software development. GitHub tokens can be used to access and modify repositories and other resources.","DecoderName":"PLAIN","Verified":false,"VerificationFromCache":false,"Raw":"a0cafcd55cc168820c3458caf37d27b29922c81f","RawV2":"","Redacted":"","ExtraData":{"rotation_guide":"https://howtorotate.com/docs/tutorials/github/","version":"1"},"StructuredData":null}
{"SourceMetadata":{"Data":{"Filesystem":{"file":"appsec-reports-1404-10-16 (4) .zip","line":1}}},"SourceID":1,"SourceType":15,"SourceName":"trufflehog - filesystem","DetectorType":8,"DetectorName":"Github","DetectorDescription":"GitHub is a platform for version control and collaboration. Personal access tokens (PATs) can be used to access and modify repositories and other resources.","DecoderName":"PLAIN","Verified":false,"VerificationFromCache":false,"Raw":"ghs_z5wUi1hmCXa5T6qwTlCqrjogr7uM344Wk3OL","RawV2":"","Redacted":"","ExtraData":{"rotation_guide":"https://howtorotate.com/docs/tutorials/github/","version":"2"},"StructuredData":null}
{"SourceMetadata":{"Data":{"Filesystem":{"file":"appsec-reports-1404-10-16 (4) .zip","line":145}}},"SourceID":1,"SourceType":15,"SourceName":"trufflehog - filesystem","DetectorType":8,"DetectorName":"Github","DetectorDescription":"GitHub is a web-based platform used for version control and collaborative software development. GitHub tokens can be used to access and modify repositories and other resources.","DecoderName":"PLAIN","Verified":false,"VerificationFromCache":false,"Raw":"ba8da742e3b243e8f43d4c63aa842b44e14f2b09","RawV2":"","Redacted":"","ExtraData":{"rotation_guide":"https://howtorotate.com/docs/tutorials/github/","version":"1"},"StructuredData":null}
{"SourceMetadata":{"Data":{"Filesystem":{"file":"appsec-reports-1404-10-16 (4) .zip","line":47}}},"SourceID":1,"SourceType":15,"SourceName":"trufflehog - filesystem","DetectorType":8,"DetectorName":"Github","DetectorDescription":"GitHub is a web-based platform used for version control and collaborative software development. GitHub tokens can be used to access and modify repositories and other resources.","DecoderName":"PLAIN","Verified":false,"VerificationFromCache":false,"Raw":"a5b98a4f30d7813266b221435e1eaaf25a1b0ac5","RawV2":"","Redacted":"","ExtraData":{"rotation_guide":"https://howtorotate.com/docs/tutorials/github/","version":"1"},"StructuredData":null}
{"SourceMetadata":{"Data":{"Filesystem":{"file":"appsec-reports-1404-10-16.zip","line":1}}},"SourceID":1,"SourceType":15,"SourceName":"trufflehog - filesystem","DetectorType":8,"DetectorName":"Github","DetectorDescription":"GitHub is a web-based platform used for version control and collaborative software development. GitHub tokens can be used to access and modify repositories and other resources.","DecoderName":"PLAIN","Verified":false,"VerificationFromCache":false,"Raw":"a0cafcd55cc168820c3458caf37d27b29922c81f","RawV2":"","Redacted":"","ExtraData":{"rotation_guide":"https://howtorotate.com/docs/tutorials/github/","version":"1"},"StructuredData":null}
{"SourceMetadata":{"Data":{"Filesystem":{"file":"appsec-reports-1404-10-16 (2) .zip","line":145}}},"SourceID":1,"SourceType":15,"SourceName":"trufflehog - filesystem","DetectorType":8,"DetectorName":"Github","DetectorDescription":"GitHub is a web-based platform used for version control and collaborative software development. GitHub tokens can be used to access and modify repositories and other resources.","DecoderName":"PLAIN","Verified":false,"VerificationFromCache":false,"Raw":"ba8da742e3b243e8f43d4c63aa842b44e14f2b09","RawV2":"","Redacted":"","ExtraData":{"rotation_guide":"https://howtorotate.com/docs/tutorials/github/","version":"1"},"StructuredData":null}
{"SourceMetadata":{"Data":{"Filesystem":{"file":"appsec-reports-1404-10-16 (3) .zip","line":63}}},"SourceID":1,"SourceType":15,"SourceName":"trufflehog - filesystem","DetectorType":8,"DetectorName":"Github","DetectorDescription":"GitHub is a web-based platform used for version control and collaborative software development. GitHub tokens can be used to access and modify repositories and other resources.","DecoderName":"PLAIN","Verified":false,"VerificationFromCache":false,"Raw":"a5b98a4f30d7813266b221435e1eaaf25a1b0ac5","RawV2":"","Redacted":"","ExtraData":{"rotation_guide":"https://howtorotate.com/docs/tutorials/github/","version":"1"},"StructuredData":null}
{"SourceMetadata":{"Data":{"Filesystem":{"file":"appsec-reports-1404-10-16 (2) .zip","line":63}}},"SourceID":1,"SourceType":15,"SourceName":"trufflehog - filesystem","DetectorType":8,"DetectorName":"Github","DetectorDescription":"GitHub is a web-based platform used for version control and collaborative software development. GitHub tokens can be used to access and modify repositories and other resources.","DecoderName":"PLAIN","Verified":false,"VerificationFromCache":false,"Raw":"a5b98a4f30d7813266b221435e1eaaf25a1b0ac5","RawV2":"","Redacted":"","ExtraData":{"rotation_guide":"https://howtorotate.com/docs/tutorials/github/","version":"1"},"StructuredData":null}
{"SourceMetadata":{"Data":{"Filesystem":{"file":"appsec-reports-1404-10-16 (3) .zip","line":1}}},"SourceID":1,"SourceType":15,"SourceName":"trufflehog - filesystem","DetectorType":8,"DetectorName":"Github","DetectorDescription":"GitHub is a platform for version control and collaboration. Personal access tokens (PATs) can be used to access and modify repositories and other resources.","DecoderName":"PLAIN","Verified":false,"VerificationFromCache":false,"Raw":"ghs_qTam3dMFYlHiJVVKp7f9sm0IeDukb8287A41","RawV2":"","Redacted":"","ExtraData":{"rotation_guide":"https://howtorotate.com/docs/tutorials/github/","version":"2"},"StructuredData":null}
{"SourceMetadata":{"Data":{"Filesystem":{"file":"appsec-reports-1404-10-16 (3) .zip","line":145}}},"SourceID":1,"SourceType":15,"SourceName":"trufflehog - filesystem","DetectorType":8,"DetectorName":"Github","DetectorDescription":"GitHub is a web-based platform used for version control and collaborative software development. GitHub tokens can be used to access and modify repositories and other resources.","DecoderName":"PLAIN","Verified":false,"VerificationFromCache":false,"Raw":"ba8da742e3b243e8f43d4c63aa842b44e14f2b09","RawV2":"","Redacted":"","ExtraData":{"rotation_guide":"https://howtorotate.com/docs/tutorials/github/","version":"1"},"StructuredData":null}
