{"version":"1.146.0","results":[{"check_id":"csharp.lang.security.stacktrace-disclosure.stacktrace-disclosure","path":"Startup.cs","start":{"line":64,"col":3,"offset":1953},"end":{"line":64,"col":35,"offset":1985},"extra":{"message":"Stacktrace information is displayed in a non-Development environment. Accidentally disclosing sensitive stack trace information in a production environment aids an attacker in reconnaissance and information gathering.","metadata":{"category":"security","technology":["csharp"],"owasp":["A06:2017 - Security Misconfiguration","A04:2021 - Insecure Design"],"cwe":["CWE-209: Generation of Error Message Containing Sensitive Information"],"references":["https://cwe.mitre.org/data/definitions/209.html","https://owasp.org/Top10/A04_2021-Insecure_Design/"],"subcategory":["audit"],"likelihood":"LOW","impact":"LOW","confidence":"HIGH","license":"Semgrep Rules License v1.0. For more details, visit semgrep.dev/legal/rules-license","vulnerability_class":["Mishandled Sensitive Information"],"source":"https://semgrep.dev/r/csharp.lang.security.stacktrace-disclosure.stacktrace-disclosure","shortlink":"https://sg.run/XvkA"},"severity":"WARNING","fingerprint":"requires login","lines":"requires login","validation_state":"NO_VALIDATOR","engine_kind":"OSS"}}],"errors":[{"code":3,"level":"warn","type":"Syntax error","message":"Syntax error at line semgrep.json:1:\n missing element","path":"semgrep.json"}],"paths":{"scanned":[".github/workflows/appsec.yml","ClientApp/.editorconfig","ClientApp/.gitignore","ClientApp/README.md","ClientApp/angular.json","ClientApp/browserslist","ClientApp/e2e/protractor.conf.js","ClientApp/e2e/src/app.e2e-spec.ts","ClientApp/e2e/src/app.po.ts","ClientApp/e2e/tsconfig.e2e.json","ClientApp/package (backup).json","ClientApp/package.json","ClientApp/src/app/app.component.html","ClientApp/src/app/app.component.ts","ClientApp/src/app/app.module.ts","ClientApp/src/app/app.server.module.ts","ClientApp/src/app/home/home.component.html","ClientApp/src/app/home/home.component.ts","ClientApp/src/app/nav-menu/nav-menu.component.css","ClientApp/src/app/nav-menu/nav-menu.component.html","ClientApp/src/app/nav-menu/nav-menu.component.ts","ClientApp/src/app/payment-request/payment-request.component.html","ClientApp/src/app/payment-request/payment-request.component.ts","ClientApp/src/app/payment-result/payment-result.component.html","ClientApp/src/app/payment-result/payment-result.component.ts","ClientApp/src/assets/.gitkeep","ClientApp/src/environments/environment.prod.ts","ClientApp/src/environments/environment.ts","ClientApp/src/index.html","ClientApp/src/karma.conf.js","ClientApp/src/main.ts","ClientApp/src/polyfills.ts","ClientApp/src/styles.css","ClientApp/src/test.ts","ClientApp/src/tsconfig.app.json","ClientApp/src/tsconfig.server.json","ClientApp/src/tsconfig.spec.json","ClientApp/src/tslint.json","ClientApp/tsconfig.json","ClientApp/tslint.json","Controllers/OrderController.cs","Controllers/PaymentController.cs","Pages/Error.cshtml","Pages/Error.cshtml.cs","Pages/_ViewImports.cshtml","Parbad.Sample.Angular.csproj","Parbad.Sample.Angular.sln","Program.cs","Properties/launchSettings.json","README.md","Repositories/OrderRepository.cs","Startup.cs","appsettings.Development.json","appsettings.json","bin/Debug/net10.0/Microsoft.AspNetCore.JsonPatch.dll","bin/Debug/net10.0/Microsoft.AspNetCore.Mvc.NewtonsoftJson.dll","bin/Debug/net10.0/Microsoft.AspNetCore.SpaServices.Extensions.dll","bin/Debug/net10.0/Newtonsoft.Json.Bson.dll","bin/Debug/net10.0/Newtonsoft.Json.dll","bin/Debug/net10.0/Parbad.AspNetCore.dll","bin/Debug/net10.0/Parbad.Sample.Angular.deps.json","bin/Debug/net10.0/Parbad.Sample.Angular.dll","bin/Debug/net10.0/Parbad.Sample.Angular.exe","bin/Debug/net10.0/Parbad.Sample.Angular.pdb","bin/Debug/net10.0/Parbad.Sample.Angular.runtimeconfig.json","bin/Debug/net10.0/Parbad.Sample.Angular.staticwebassets.endpoints.json","bin/Debug/net10.0/Parbad.Sample.Angular.staticwebassets.runtime.json","bin/Debug/net10.0/Parbad.Sample.Shared.dll","bin/Debug/net10.0/Parbad.Sample.Shared.pdb","bin/Debug/net10.0/Parbad.Storage.Abstractions.dll","bin/Debug/net10.0/Parbad.Storage.Cache.dll","bin/Debug/net10.0/Parbad.dll","bin/Debug/net10.0/appsettings.Development.json","bin/Debug/net10.0/appsettings.json","bin/Debug/net10.0/package-lock.json","bin/Debug/net8.0/Microsoft.AspNetCore.JsonPatch.dll","bin/Debug/net8.0/Microsoft.AspNetCore.Mvc.NewtonsoftJson.dll","bin/Debug/net8.0/Microsoft.AspNetCore.SpaServices.Extensions.dll","bin/Debug/net8.0/Newtonsoft.Json.Bson.dll","bin/Debug/net8.0/Newtonsoft.Json.dll","bin/Debug/net8.0/Parbad.AspNetCore.dll","bin/Debug/net8.0/Parbad.Sample.Angular.deps.json","bin/Debug/net8.0/Parbad.Sample.Angular.dll","bin/Debug/net8.0/Parbad.Sample.Angular.exe","bin/Debug/net8.0/Parbad.Sample.Angular.pdb","bin/Debug/net8.0/Parbad.Sample.Angular.runtimeconfig.json","bin/Debug/net8.0/Parbad.Sample.Angular.staticwebassets.endpoints.json","bin/Debug/net8.0/Parbad.Sample.Angular.staticwebassets.runtime.json","bin/Debug/net8.0/Parbad.Sample.Shared.dll","bin/Debug/net8.0/Parbad.Sample.Shared.pdb","bin/Debug/net8.0/Parbad.Storage.Abstractions.dll","bin/Debug/net8.0/Parbad.Storage.Cache.dll","bin/Debug/net8.0/Parbad.dll","bin/Debug/net8.0/appsettings.Development.json","bin/Debug/net8.0/appsettings.json","bin/Debug/net8.0/package-lock.json","obj/Debug/net10.0/.NETCoreApp,Version=v10.0.AssemblyAttributes.cs","obj/Debug/net10.0/Parbad.S.66168571.Up2Date","obj/Debug/net10.0/Parbad.Sample.Angular.AssemblyInfo.cs","obj/Debug/net10.0/Parbad.Sample.Angular.AssemblyInfoInputs.cache","obj/Debug/net10.0/Parbad.Sample.Angular.GeneratedMSBuildEditorConfig.editorconfig","obj/Debug/net10.0/Parbad.Sample.Angular.MvcApplicationPartsAssemblyInfo.cache","obj/Debug/net10.0/Parbad.Sample.Angular.MvcApplicationPartsAssemblyInfo.cs","obj/Debug/net10.0/Parbad.Sample.Angular.RazorAssemblyInfo.cache","obj/Debug/net10.0/Parbad.Sample.Angular.RazorAssemblyInfo.cs","obj/Debug/net10.0/Parbad.Sample.Angular.assets.cache","obj/Debug/net10.0/Parbad.Sample.Angular.csproj.AssemblyReference.cache","obj/Debug/net10.0/Parbad.Sample.Angular.csproj.CoreCompileInputs.cache","obj/Debug/net10.0/Parbad.Sample.Angular.csproj.FileListAbsolute.txt","obj/Debug/net10.0/Parbad.Sample.Angular.dll","obj/Debug/net10.0/Parbad.Sample.Angular.genruntimeconfig.cache","obj/Debug/net10.0/Parbad.Sample.Angular.pdb","obj/Debug/net10.0/apphost.exe","obj/Debug/net10.0/compressed/flc09fmwry-{0}-61n19gt1b8-61n19gt1b8.gz","obj/Debug/net10.0/rbcswa.dswa.cache.json","obj/Debug/net10.0/ref/Parbad.Sample.Angular.dll","obj/Debug/net10.0/refint/Parbad.Sample.Angular.dll","obj/Debug/net10.0/rjimswa.dswa.cache.json","obj/Debug/net10.0/rjsmcshtml.dswa.cache.json","obj/Debug/net10.0/rjsmrazor.dswa.cache.json","obj/Debug/net10.0/rpswa.dswa.cache.json","obj/Debug/net10.0/staticwebassets.build.endpoints.json","obj/Debug/net10.0/staticwebassets.build.json","obj/Debug/net10.0/staticwebassets.build.json.cache","obj/Debug/net10.0/staticwebassets.development.json","obj/Debug/net10.0/swae.build.ex.cache","obj/Debug/net8.0/.NETCoreApp,Version=v8.0.AssemblyAttributes.cs","obj/Debug/net8.0/Parbad.S.66168571.Up2Date","obj/Debug/net8.0/Parbad.Sample.Angular.AssemblyInfo.cs","obj/Debug/net8.0/Parbad.Sample.Angular.AssemblyInfoInputs.cache","obj/Debug/net8.0/Parbad.Sample.Angular.GeneratedMSBuildEditorConfig.editorconfig","obj/Debug/net8.0/Parbad.Sample.Angular.MvcApplicationPartsAssemblyInfo.cache","obj/Debug/net8.0/Parbad.Sample.Angular.MvcApplicationPartsAssemblyInfo.cs","obj/Debug/net8.0/Parbad.Sample.Angular.RazorAssemblyInfo.cache","obj/Debug/net8.0/Parbad.Sample.Angular.RazorAssemblyInfo.cs","obj/Debug/net8.0/Parbad.Sample.Angular.assets.cache","obj/Debug/net8.0/Parbad.Sample.Angular.csproj.AssemblyReference.cache","obj/Debug/net8.0/Parbad.Sample.Angular.csproj.CoreCompileInputs.cache","obj/Debug/net8.0/Parbad.Sample.Angular.csproj.FileListAbsolute.txt","obj/Debug/net8.0/Parbad.Sample.Angular.dll","obj/Debug/net8.0/Parbad.Sample.Angular.genruntimeconfig.cache","obj/Debug/net8.0/Parbad.Sample.Angular.pdb","obj/Debug/net8.0/apphost.exe","obj/Debug/net8.0/ref/Parbad.Sample.Angular.dll","obj/Debug/net8.0/refint/Parbad.Sample.Angular.dll","obj/Debug/net8.0/rjimswa.dswa.cache.json","obj/Debug/net8.0/rjsmcshtml.dswa.cache.json","obj/Debug/net8.0/rjsmrazor.dswa.cache.json","obj/Debug/net8.0/rpswa.dswa.cache.json","obj/Debug/net8.0/staticwebassets.build.endpoints.json","obj/Debug/net8.0/staticwebassets.build.json","obj/Debug/net8.0/staticwebassets.build.json.cache","obj/Debug/net8.0/staticwebassets.development.json","obj/Debug/net8.0/swae.build.ex.cache","obj/Parbad.Sample.Angular.csproj.nuget.dgspec.json","obj/Parbad.Sample.Angular.csproj.nuget.g.props","obj/Parbad.Sample.Angular.csproj.nuget.g.targets","obj/project.assets.json","obj/project.nuget.cache","package-lock.json","semgrep.json","wwwroot/favicon.ico"]},"time":{"rules":[],"rules_parse_time":1.241934061050415,"profiling_times":{"config_time":1.6708824634552002,"core_time":2.2787973880767822,"ignores_time":0.0013263225555419922,"total_time":3.955367088317871},"parsing_time":{"total_time":0.0,"per_file_time":{"mean":0.0,"std_dev":0.0},"very_slow_stats":{"time_ratio":0.0,"count_ratio":0.0},"very_slow_files":[]},"scanning_time":{"total_time":1.0871555805206299,"per_file_time":{"mean":0.0026711439324831206,"std_dev":2.0031009715840283e-05},"very_slow_stats":{"time_ratio":0.0,"count_ratio":0.0},"very_slow_files":[]},"matching_time":{"total_time":0.0,"per_file_and_rule_time":{"mean":0.0,"std_dev":0.0},"very_slow_stats":{"time_ratio":0.0,"count_ratio":0.0},"very_slow_rules_on_files":[]},"tainting_time":{"total_time":0.0,"per_def_and_rule_time":{"mean":0.0,"std_dev":0.0},"very_slow_stats":{"time_ratio":0.0,"count_ratio":0.0},"very_slow_rules_on_defs":[]},"fixpoint_timeouts":[],"prefiltering":{"project_level_time":0.0,"file_level_time":0.0,"rules_with_project_prefilters_ratio":0.0,"rules_with_file_prefilters_ratio":0.9806434268303611,"rules_selected_ratio":0.2127430773366789,"rules_matched_ratio":0.2127430773366789},"targets":[],"total_bytes":0,"max_memory_bytes":1335145536},"engine_requested":"OSS","skipped_rules":[],"profiling_results":[]}
