{"SourceMetadata":{"Data":{"Filesystem":{"file":".git/config","line":12}}},"SourceID":1,"SourceType":15,"SourceName":"trufflehog - filesystem","DetectorType":8,"DetectorName":"Github","DetectorDescription":"GitHub is a platform for version control and collaboration. Personal access tokens (PATs) can be used to access and modify repositories and other resources.","DecoderName":"BASE64","Verified":false,"VerificationFromCache":false,"Raw":"ghs_qTam3dMFYlHiJVVKp7f9sm0IeDukb8287A41","RawV2":"","Redacted":"","ExtraData":{"rotation_guide":"https://howtorotate.com/docs/tutorials/github/","version":"2"},"StructuredData":null}
